modelo,MAE,RMSE,R2
Random Forest Filtrado - LOO,9.759150386650386,12.436263797724749,0.3144222668937635
Random Forest Filtrado - LOWO,11.592638888888889,13.846479535243123,0.1501239542855286
