modelo,mixup,noise,noise_plus_mixup,none
CatBoost,8.50618486422243,8.713205621098748,9.238431095234473,8.634824144980799
GradientBoosting,7.716934901554184,7.437911080183648,7.445016843638475,7.0042538166191735
RandomForest,6.987500000000001,6.6557692307692315,6.7451923076923075,7.775528846153846
Ridge,7.783437759500615,7.11153520968569,7.757761316015867,7.140608301133124
SVR_RBF,10.67535931636882,9.877065533313395,10.404812469000193,11.58933025253281
