modelo,mixup,noise,noise_plus_mixup,none
CatBoost,6.934091732650101,6.992802866846031,6.989609033644196,7.015811645476792
GradientBoosting,6.900431388324585,6.936360229641566,7.429253814194265,6.86915419728525
RandomForest,6.414423076923077,6.993269230769231,7.197115384615385,6.217888049450549
Ridge,4.857813467812167,4.8843235972939585,5.5401874310674355,3.8283390204924874
SVR_RBF,8.30414105771342,7.682032811160008,7.873201586895405,7.81305136660277
