component,explained_variance_ratio
PC1,0.3456671660814156
PC2,0.27233885578766853
PC3,0.09244356663638696
